{"cameraMode":{"drawMode":0,"name":"Shaded","section":"Shading Mode"},"sceneLighting":true,"audioPlay":false,"sceneViewState":{"showFog":true,"showMaterialUpdate":false,"showSkybox":true,"showFlares":true,"showImageEffects":true,"showParticleSystems":true},"in2DMode":false,"pivot":{"x":-0.83935546875,"y":1.622650146484375,"z":1.362060546875},"rotation":{"x":0.14844463765621186,"y":0.7140347957611084,"z":-0.15911628305912019,"w":0.6657899022102356},"size":2.4958436489105226,"orthographic":true}