{"cameraMode":{"drawMode":0,"name":"Shaded","section":"Shading Mode"},"sceneLighting":true,"audioPlay":false,"sceneViewState":{"showFog":true,"showMaterialUpdate":false,"showSkybox":true,"showFlares":true,"showImageEffects":true,"showParticleSystems":true},"in2DMode":false,"pivot":{"x":-0.13574016094207765,"y":-0.4335899353027344,"z":0.05488666892051697},"rotation":{"x":0.24791905283927918,"y":0.6928537487983704,"z":-0.27826055884361269,"w":0.6173022389411926},"size":0.6644657850265503,"orthographic":false}